{
    "exp_name": "hint_to_cost_volume_encoder_ablation_2_local",
    "metrics_type": "frame metrics",
    "scores": {
        "abs_diff": 0.08904896676540375,
        "abs_rel": 0.043752964586019516,
        "sq_rel": 0.013047021813690662,
        "rmse": 0.15058712661266327,
        "rmse_log": 0.06952689588069916,
        "a5": 73.39119720458984,
        "a10": 90.36894989013672,
        "a25": 97.95262908935547,
        "a0": 90.36894989013672,
        "a1": 97.95262908935547,
        "a2": 99.49929809570312,
        "a3": 99.81603240966797,
        "model_time": 186.50280815986534,
        "hint_time": 24.41543194515911
    },
    "metrics_string": "abs_diff abs_rel  sq_rel   rmse     rmse_log a5       a10      a25      a0       a1       a2       a3       model_time hint_time ",
    "scores_string": "0.0890,  0.0438,  0.0130,  0.1506,  0.0695,  73.3912, 90.3689, 97.9526, 90.3689, 97.9526, 99.4993, 99.8160, 186.5028, 24.4154, "
}