{
    "exp_name": "incremental",
    "metrics_type": "frame metrics",
    "scores": {
        "abs_diff": 0.11984442174434662,
        "abs_rel": 0.06433020532131195,
        "sq_rel": 0.0195795726031065,
        "rmse": 0.17994093894958496,
        "rmse_log": 0.09032221883535385,
        "a5": 56.43852996826172,
        "a10": 80.6213150024414,
        "a25": 95.95449829101562,
        "a0": 80.6213150024414,
        "a1": 95.95449829101562,
        "a2": 99.27681732177734,
        "a3": 99.77259826660156,
        "model_time": 176.37547268254184,
        "hint_time": 11.333932074161684
    },
    "metrics_string": "abs_diff abs_rel  sq_rel   rmse     rmse_log a5       a10      a25      a0       a1       a2       a3       model_time hint_time ",
    "scores_string": "0.1198,  0.0643,  0.0196,  0.1799,  0.0903,  56.4385, 80.6213, 95.9545, 80.6213, 95.9545, 99.2768, 99.7726, 176.3755, 11.3339, "
}