{
    "exp_name": "incremental",
    "metrics_type": "frame metrics",
    "scores": {
        "abs_diff": 0.09675366431474686,
        "abs_rel": 0.049552012234926224,
        "sq_rel": 0.014453680254518986,
        "rmse": 0.157097727060318,
        "rmse_log": 0.07453957945108414,
        "a5": 68.1884765625,
        "a10": 89.06410217285156,
        "a25": 97.72183227539062,
        "a0": 89.06410217285156,
        "a1": 97.72183227539062,
        "a2": 99.44168090820312,
        "a3": 99.80692291259766,
        "model_time": 185.84294864730427,
        "hint_time": 21.624159618480107
    },
    "metrics_string": "abs_diff abs_rel  sq_rel   rmse     rmse_log a5       a10      a25      a0       a1       a2       a3       model_time hint_time ",
    "scores_string": "0.0968,  0.0496,  0.0145,  0.1571,  0.0745,  68.1885, 89.0641, 97.7218, 89.0641, 97.7218, 99.4417, 99.8069, 185.8429, 21.6242, "
}